timestamp,message
1709896795255,"INIT_START Runtime Version: python:3.9.v46	Runtime Version ARN: arn:aws:lambda:us-east-1::runtime:58f78ac89504821e52aa8fcb7a0dee3788f8487c225e5c5e08dd354d5e988c7b
"
1709896795330,"START RequestId: ac719c2b-159d-410d-a2bd-d6669b74e946 Version: $LATEST
"
1709896795331,"Original Matrix:
"
1709896795331,"[1, 2, 3]
"
1709896795331,"[4, 5, 6]
"
1709896795331,"[7, 8, 9]
"
1709896795331,"Transposed Matrix: 
"
1709896795331,"[1, 4, 7]
"
1709896795331,"[2, 5, 8]
"
1709896795331,"[3, 6, 9]
"
1709896795331,"Original Matrix:
"
1709896795331,"[11, 12, 13]
"
1709896795331,"[14, 15, 16]
"
1709896795331,"[17, 18, 19]
"
1709896795331,"Transposed Matrix: 
"
1709896795331,"[11, 14, 17]
"
1709896795331,"[12, 15, 18]
"
1709896795331,"[13, 16, 19]
"
1709896795331,"Original Matrix:
"
1709896795331,"[21, 22]
"
1709896795331,"[23, 24]
"
1709896795331,"[25, 26]
"
1709896795331,"Transposed Matrix: 
"
1709896795331,"[21, 23, 25]
"
1709896795331,"[22, 24, 26]
"
1709896795331,"Original Matrix:
"
1709896795331,"Transposed Matrix: 
"
1709896795341,"END RequestId: ac719c2b-159d-410d-a2bd-d6669b74e946
"
1709896795341,"REPORT RequestId: ac719c2b-159d-410d-a2bd-d6669b74e946	Duration: 1.97 ms	Billed Duration: 2 ms	Memory Size: 128 MB	Max Memory Used: 29 MB	Init Duration: 74.06 ms	
"